Резюме;Опыт;Нужный опыт;Образование;Нужное образование;Навыки;Нужные навыки;Пригодность
Опытный разработчик ПО с опытом работы в компании XYZ;5;3-5;Высшее;Высшее;Python, Java, SQL;Python, Java;1
Аналитик данных с опытом работы в банковской сфере;3;2-4;Магистр;Магистр;SQL, R, Excel;SQL, R;1
Младший специалист по тестированию программного обеспечения;1;2-4;Бакалавр;Высшее;Тестирование, Python, Java;Тестирование, Python;0
Стажер-программист в компании ABC;0;1-3;Студент;Бакалавр;Python, C++, HTML;Python, Java;0
Профессиональный системный администратор;8;5-10;Высшее;Высшее;Linux, Windows, Bash;Linux, Windows;1
Старший инженер по разработке в телекоммуникационной компании;10;7-10;Кандидат наук;Кандидат наук;Java, C++, Git;Java, C++;1
Специалист технической поддержки со знанием сетевых технологий;4;3-5;Высшее;Высшее;Networking, Windows, Linux;Networking, Linux;1
Программист-аналитик с опытом работы в финансовой сфере;6;5-7;Магистр;Магистр;Java, SQL, Matlab;Java, SQL;1
Аспирант с опытом разработки алгоритмов машинного обучения;2;1-3;Аспирант;Аспирант;Python, TensorFlow, scikit-learn;Python, TensorFlow;1
Junior UX/UI дизайнер с опытом работы в веб-дизайне;1;2-4;Высшее;Высшее;Photoshop, Illustrator, Sketch;Photoshop, Sketch;0
Разработчик веб-приложений с опытом работы в e-commerce;4;3-5;Бакалавр;Бакалавр;PHP, JavaScript, HTML, CSS;PHP, JavaScript;1
Программист-тестировщик в автомобильной индустрии;3;3-5;Высшее;Высшее;Python, Selenium, Java;Python, Selenium;1
Менеджер проектов с опытом работы в IT;6;5-7;Магистр;Магистр;Управление проектами, Agile;Управление проектами, Agile;1
Техник по обслуживанию компьютеров;2;1-3;Среднее специальное;Высшее;Обслуживание ПК, Windows, Linux;Обслуживание ПК, Windows;0
Ведущий разработчик мобильных приложений;7;5-10;Высшее;Высшее;Kotlin, Swift, Java;Kotlin, Swift;1
Начинающий инженер по информационной безопасности;1;2-4;Бакалавр;Высшее;Информационная безопасность, Python;Информационная безопасность, Python;0
Руководитель отдела разработки;10;7-10;Кандидат наук;Кандидат наук;Управление проектами, Java, C#;Управление проектами, Java;1
Специалист по машинному обучению с опытом работы в стартапах;4;3-5;Магистр;Магистр;Python, TensorFlow, Keras;Python, TensorFlow;1
Младший специалист по поддержке пользователей;1;0-2;Бакалавр;Высшее;Техническая поддержка, Windows, MacOS;Техническая поддержка, Windows;0
Архитектор программного обеспечения с опытом работы в финтехе;8;5-10;Высшее;Высшее;Microservices, Java, AWS;Microservices, Java;1
Разработчик игр с опытом работы в инди-команде;3;2-4;Бакалавр;Высшее;Unity, C#, Blender;Unity, C#;1
Специалист по DevOps;5;3-5;Высшее;Высшее;Docker, Kubernetes, Jenkins;Docker, Kubernetes;1
Администратор сетей с опытом работы в корпоративной среде;6;5-7;Высшее;Высшее;Cisco, Networking, Linux;Cisco, Networking;1
Системный аналитик;2;1-3;Магистр;Магистр;Анализ данных, SQL, UML;Анализ данных, SQL;1
Начинающий специалист по кибербезопасности;0;1-3;Студент;Бакалавр;Кибербезопасность, Python, C++;Кибербезопасность, Python;0
Старший консультант по SAP;9;7-10;Высшее;Высшее;SAP, ABAP, Project Management;SAP, ABAP;1
Ведущий инженер по робототехнике;7;5-10;Магистр;Магистр;C++, ROS, Python;C++, ROS;1
Инженер-программист в области искусственного интеллекта;4;3-5;Кандидат наук;Кандидат наук;AI, Python, TensorFlow;AI, Python;1
Системный администратор с опытом работы в облачных технологиях;5;3-5;Высшее;Высшее;Azure, AWS, Linux;Azure, AWS;1
Системный администратор с опытом работы в облачных технологиях;5;3-5;Высшее;Высшее;Azure, AWS, Linux;Azure, AWS;1
Разработчик мобильных приложений для Android;3;2-4;Бакалавр;Бакалавр;Java, Kotlin, Android Studio;Java, Kotlin;1
Web-дизайнер с опытом работы в агентстве;2;1-3;Высшее;Высшее;HTML, CSS, JavaScript, Adobe XD;HTML, CSS, JavaScript;1
Аналитик в области медицинских данных;4;3-5;Магистр;Магистр;Python, R, SQL;Python, R;1
Программист машинного обучения в компании AI;3;2-4;Высшее;Высшее;Python, TensorFlow, scikit-learn;Python, TensorFlow;1
Инженер по тестированию ПО в компании QA;2;1-3;Бакалавр;Высшее;Тестирование, Python, Selenium;Тестирование, Python;1
QA-инженер с опытом тестирования мобильных приложений;1;1-3;Высшее;Высшее;Тестирование, Android, iOS;Тестирование, Android, iOS;0
Продуктовый дизайнер с опытом разработки интерфейсов;3;2-4;Высшее;Высшее;UI/UX дизайн, Adobe XD, Figma;UI/UX дизайн;1
Специалист по сопровождению информационных систем;5;3-5;Высшее;Высшее;Сопровождение, SQL, Java;Сопровождение, SQL;1
Разработчик Python с опытом работы в стартапе;2;1-3;Бакалавр;Высшее;Python, Django, Flask;Python, Django;1
Специалист по информационной безопасности в банке;4;3-5;Высшее;Высшее;Информационная безопасность, Python, SQL;Информационная безопасность, Python;1
Менеджер по продукту в IT-компании;6;5-7;Высшее;Высшее;Управление продуктом, Agile, Scrum;Управление продуктом, Agile;1
Специалист по анализу данных в e-commerce;3;2-4;Высшее;Высшее;Анализ данных, Python, SQL;Анализ данных, Python;1
Архитектор систем с опытом работы в банковской сфере;7;5-10;Высшее;Высшее;Архитектура, Java, SQL;Архитектура, Java;1
QA-инженер в игровой индустрии;3;2-4;Высшее;Высшее;Тестирование, Python, Unity;Тестирование, Python;1
Разработчик Frontend в стартапе;2;1-3;Бакалавр;Бакалавр;HTML, CSS, JavaScript, React;HTML, CSS, JavaScript;1
Программист-аналитик в банковской сфере;5;3-5;Магистр;Магистр;Java, SQL, R;Java, SQL;1
Системный администратор в крупной IT-компании;6;5-7;Высшее;Высшее;Linux, Windows, Bash;Linux, Windows;1
Технический писатель в IT-индустрии;3;2-4;Бакалавр;Высшее;Техническая документация, XML, Markdown;Техническая документация;1
Архитектор облачных решений;7;5-10;Высшее;Высшее;AWS, Azure, Google Cloud;AWS, Azure;1
Консультант по бизнес-аналитике в финансовой сфере;5;3-5;Магистр;Магистр;SQL, Python, Tableau;SQL, Python;1
Системный инженер в компании разработки ПО;4;3-5;Высшее;Высшее;Linux, Docker, Kubernetes;Linux, Docker;1
Менеджер по качеству в области разработки ПО;6;5-7;Магистр;Магистр;QA, Agile, Scrum;QA, Agile;1
Руководитель проектов в IT-индустрии;8;7-10;Высшее;Высшее;Управление проектами, Agile, PMBOK;Управление проектами, Agile;1
Аналитик бизнес-процессов в телекоммуникационной компании;4;3-5;Бакалавр;Магистр;Бизнес-анализ, BPMN, UML;Бизнес-анализ, BPMN;1
Программист-фрилансер в области веб-разработки;2;1-3;Бакалавр;Бакалавр;PHP, HTML, CSS, JavaScript;PHP, HTML, CSS;1
Специалист по робототехнике с опытом работы в стартапе;3;2-4;Бакалавр;Высшее;C++, Python, ROS;C++, Python;1
QA-инженер в области медицинского ПО;5;3-5;Высшее;Высшее;Тестирование, Python, Selenium;Тестирование, Python;1
Разработчик BI-систем;4;3-5;Высшее;Высшее;SQL, Python, Tableau;SQL, Python;1
Системный аналитик в автомобильной индустрии;6;5-7;Высшее;Высшее;UML, BPMN, SQL;UML, BPMN;1
Аналитик данных в сфере здравоохранения;3;2-4;Магистр;Магистр;Python, R, SQL;Python, R;1
Технический писатель в сфере IT-консалтинга;2;1-3;Бакалавр;Высшее;Техническая документация, Markdown, XML;Техническая документация;1
Консультант по бизнес-процессам в сфере финансов;5;3-5;Магистр;Магистр;Бизнес-процессы, BPMN, UML;Бизнес-процессы, BPMN;1
Инженер по тестированию веб-приложений;3;2-4;Бакалавр;Высшее;Тестирование, Python, Selenium;Тестирование, Python;1
Менеджер по продукту в стартапе;4;3-5;Высшее;Высшее;Управление продуктом, Agile, Scrum;Управление продуктом, Agile;1
QA-инженер в компании разработки игр;2;1-3;Бакалавр;Бакалавр;Тестирование, Unity, C#;Тестирование, Unity;1
Специалист по информационной безопасности в IT-индустрии;5;3-5;Высшее;Высшее;Информационная безопасность, Python, Linux;Информационная безопасность, Python;1
Разработчик мобильных приложений в сфере здравоохранения;4;3-5;Бакалавр;Бакалавр;Java, Kotlin, Android Studio;Java, Kotlin;1
Технический писатель в IT-компании;3;2-4;Бакалавр;Высшее;Техническая документация, XML, Markdown;Техническая документация;1
Консультант по бизнес-анализу в телекоммуникационной компании;6;5-7;Магистр;Магистр;Бизнес-анализ, UML, SQL;Бизнес-анализ, UML;1
Инженер-разработчик в области биомедицинской инженерии;4;3-5;Бакалавр;Высшее;Python, MATLAB, C++;Python, MATLAB;1
Специалист по DevOps в области облачных технологий;5;3-5;Высшее;Высшее;DevOps, Docker, Kubernetes;DevOps, Docker;1
Разработчик UI/UX дизайна в веб-агентстве;3;2-4;Бакалавр;Высшее;UI/UX дизайн, HTML, CSS, JavaScript;UI/UX дизайн, HTML;1
Бизнес-аналитик в сфере электронной коммерции;5;3-5;Высшее;Высшее;Бизнес-анализ, SQL, Python;Бизнес-анализ, SQL;1
Системный администратор в корпоративной сети;7;5-7;Высшее;Высшее;Linux, Windows Server, Networking;Linux, Windows Server;1
Менеджер по маркетингу в IT-стартапе;3;2-4;Бакалавр;Высшее;Маркетинг, Digital Marketing, SEO;Маркетинг, Digital Marketing;1
Аналитик данных в маркетинговом агентстве;4;3-5;Магистр;Магистр;Python, SQL, Data Analysis;Python, SQL;1
QA-инженер в компании разработки мобильных приложений;2;1-3;Бакалавр;Бакалавр;Тестирование, Android, iOS;Тестирование, Android;1
Специалист по обработке данных в медицинской сфере;5;3-5;Магистр;Магистр;Python, R, SQL;Python, R;1
Разработчик в области компьютерного зрения;4;3-5;Бакалавр;Магистр;Python, OpenCV, TensorFlow;Python, OpenCV;1
Аналитик данных в фармацевтической компании;3;2-4;Бакалавр;Магистр;SQL, Python, Data Analysis;SQL, Python;1
QA-инженер в геймдеве;2;1-3;Бакалавр;Бакалавр;Тестирование, Unity, C#;Тестирование, Unity;1
Веб-разработчик в крупной IT-компании;6;5-7;Высшее;Высшее;HTML, CSS, JavaScript, React;HTML, CSS, JavaScript;1
Менеджер по продукту в стартапе;4;3-5;Высшее;Высшее;Управление продуктом, Agile, Scrum;Управление продуктом, Agile;1
Аналитик данных в банковской сфере;5;3-5;Магистр;Магистр;SQL, Python, Data Analysis;SQL, Python;1
Инженер-программист в аэрокосмической отрасли;8;7-10;Высшее;Высшее;C++, Python, MATLAB;C++, Python;1
Специалист по информационной безопасности в финтехе;6;5-7;Высшее;Высшее;Информационная безопасность, Python, Linux;Информационная безопасность, Python;1
Аналитик в области машинного обучения;4;3-5;Магистр;Магистр;Python, Machine Learning, Data Analysis;Python, Machine Learning;1
QA-инженер в компании разработки веб-приложений;3;2-4;Бакалавр;Бакалавр;Тестирование, Python, Selenium;Тестирование, Python;1
Технический писатель в IT-компании;3;2-4;Бакалавр;Высшее;Техническая документация, XML, Markdown;Техническая документация;1
Консультант по бизнес-анализу в телекоммуникационной компании;6;5-7;Магистр;Магистр;Бизнес-анализ, UML, SQL;Бизнес-анализ, UML;1
Инженер-разработчик в области биомедицинской инженерии;4;3-5;Бакалавр;Высшее;Python, MATLAB, C++;Python, MATLAB;1
Специалист по DevOps в области облачных технологий;5;3-5;Высшее;Высшее;DevOps, Docker, Kubernetes;DevOps, Docker;1
Разработчик UI/UX дизайна в веб-агентстве;3;2-4;Бакалавр;Высшее;UI/UX дизайн, HTML, CSS, JavaScript;UI/UX дизайн, HTML;1
Бизнес-аналитик в сфере электронной коммерции;5;3-5;Высшее;Высшее;Бизнес-анализ, SQL, Python;Бизнес-анализ, SQL;1
QA-инженер в компании разработки мобильных приложений;2;1-3;Бакалавр;Бакалавр;Тестирование, Android, iOS;Тестирование, Android;1
Разработчик в области компьютерного зрения;4;3-5;Бакалавр;Магистр;Python, OpenCV, TensorFlow;Python, OpenCV;1
Аналитик данных в фармацевтической компании;3;2-4;Бакалавр;Магистр;SQL, Python, Data Analysis;SQL, Python;1
QA-инженер в геймдеве;2;1-3;Бакалавр;Бакалавр;Тестирование, Unity, C#;Тестирование, Unity;1
Веб-разработчик в крупной IT-компании;6;5-7;Высшее;Высшее;HTML, CSS, JavaScript, React;HTML, CSS, JavaScript;1
Менеджер по продукту в стартапе;4;3-5;Высшее;Высшее;Управление продуктом, Agile, Scrum;Управление продуктом, Agile;1
Аналитик данных в банковской сфере;5;3-5;Магистр;Магистр;SQL, Python, Data Analysis;SQL, Python;1
Инженер-программист в аэрокосмической отрасли;8;7-10;Высшее;Высшее;C++, Python, MATLAB;C++, Python;1
Специалист по информационной безопасности в финтехе;6;5-7;Высшее;Высшее;Информационная безопасность, Python, Linux;Информационная безопасность, Python;1
Аналитик в области машинного обучения;4;3-5;Магистр;Магистр;Python, Machine Learning, Data Analysis;Python, Machine Learning;1
QA-инженер в компании разработки веб-приложений;3;2-4;Бакалавр;Бакалавр;Тестирование, Python, Selenium;Тестирование, Python;1
Технический писатель в IT-компании;3;2-4;Бакалавр;Высшее;Техническая документация, XML, Markdown;Техническая документация;1
Консультант по бизнес-анализу в телекоммуникационной компании;6;5-7;Магистр;Магистр;Бизнес-анализ, UML, SQL;Бизнес-анализ, UML;1
Инженер-разработчик в области биомедицинской инженерии;4;3-5;Бакалавр;Высшее;Python, MATLAB, C++;Python, MATLAB;1
Специалист по DevOps в области облачных технологий;5;3-5;Высшее;Высшее;DevOps, Docker, Kubernetes;DevOps, Docker;1
Разработчик UI/UX дизайна в веб-агентстве;3;2-4;Бакалавр;Высшее;UI/UX дизайн, HTML, CSS, JavaScript;UI/UX дизайн, HTML;1
Бизнес-аналитик в сфере электронной коммерции;5;3-5;Высшее;Высшее;Бизнес-анализ, SQL, Python;Бизнес-анализ, SQL;1
Аналитик данных в фармацевтической компании;4;3-5;Магистр;Магистр;Python, SQL, Data Analysis;Python, SQL;1
QA-инженер в геймдеве;2;1-3;Бакалавр;Бакалавр;Тестирование, Unity, C#;Тестирование, Unity;1
Веб-разработчик в крупной IT-компании;5;3-5;Высшее;Высшее;HTML, CSS, JavaScript, React;HTML, CSS, JavaScript;1
Менеджер по продукту в стартапе;3;2-4;Высшее;Высшее;Управление продуктом, Agile, Scrum;Управление продуктом, Agile;1
Аналитик данных в банковской сфере;4;3-5;Магистр;Магистр;SQL, Python, Data Analysis;SQL, Python;1
Инженер-программист в аэрокосмической отрасли;6;5-7;Высшее;Высшее;C++, Python, MATLAB;C++, Python;1
Специалист по информационной безопасности в финтехе;5;3-5;Высшее;Высшее;Информационная безопасность, Python, Linux;Информационная безопасность, Python;1
Аналитик в области машинного обучения;3;2-4;Магистр;Магистр;Python, Machine Learning, Data Analysis;Python, Machine Learning;1
QA-инженер в компании разработки веб-приложений;2;1-3;Бакалавр;Бакалавр;Тестирование, Python, Selenium;Тестирование, Python;1
Технический писатель в IT-компании;2;1-3;Бакалавр;Высшее;Техническая документация, XML, Markdown;Техническая документация;1
Консультант по бизнес-анализу в телекоммуникационной компании;5;3-5;Магистр;Магистр;Бизнес-анализ, UML, SQL;Бизнес-анализ, UML;1
Инженер-разработчик в области биомедицинской инженерии;3;2-4;Бакалавр;Высшее;Python, MATLAB, C++;Python, MATLAB;1
Специалист по DevOps в области облачных технологий;4;3-5;Высшее;Высшее;DevOps, Docker, Kubernetes;DevOps, Docker;1
Разработчик UI/UX дизайна в веб-агентстве;2;1-3;Бакалавр;Высшее;UI/UX дизайн, HTML, CSS, JavaScript;UI/UX дизайн, HTML;1
Бизнес-аналитик в сфере электронной коммерции;4;3-5;Высшее;Высшее;Бизнес-анализ, SQL, Python;Бизнес-анализ, SQL;1
QA-инженер в компании разработки мобильных приложений;3;2-4;Бакалавр;Бакалавр;Тестирование, Android, iOS;Тестирование, Android;1
Разработчик в области компьютерного зрения;5;3-5;Бакалавр;Магистр;Python, OpenCV, TensorFlow;Python, OpenCV;1
Аналитик данных в фармацевтической компании;4;3-5;Бакалавр;Магистр;SQL, Python, Data Analysis;SQL, Python;1
QA-инженер в геймдеве;2;1-3;Бакалавр;Бакалавр;Тестирование, Unity, C#;Тестирование, Unity;1
Веб-разработчик в крупной IT-компании;6;5-7;Высшее;Высшее;HTML, CSS, JavaScript, React;HTML, CSS, JavaScript;1
Менеджер по продукту в стартапе;4;3-5;Высшее;Высшее;Управление продуктом, Agile, Scrum;Управление продуктом, Agile;1
Аналитик данных в банковской сфере;5;3-5;Магистр;Магистр;SQL, Python, Data Analysis;SQL, Python;1
Инженер-программист в аэрокосмической отрасли;7;5-7;Высшее;Высшее;C++, Python, MATLAB;C++, Python;1
Специалист по информационной безопасности в финтехе;6;5-7;Высшее;Высшее;Информационная безопасность, Python, Linux;Информационная безопасность, Python;1
Аналитик в области машинного обучения;4;3-5;Магистр;Магистр;Python, Machine Learning, Data Analysis;Python, Machine Learning;1
QA-инженер в компании разработки веб-приложений;3;2-4;Бакалавр;Бакалавр;Тестирование, Python, Selenium;Тестирование, Python;1
Технический писатель в IT-компании;3;2-4;Бакалавр;Высшее;Техническая документация, XML, Markdown;Техническая документация;1
Консультант по бизнес-анализу в телекоммуникационной компании;6;5-7;Магистр;Магистр;Бизнес-анализ, UML, SQL;Бизнес-анализ, UML;1
Инженер-разработчик в области биомедицинской инженерии;4;3-5;Бакалавр;Высшее;Python, MATLAB, C++;Python, MATLAB;1
Специалист по DevOps в области облачных технологий;5;3-5;Высшее;Высшее;DevOps, Docker, Kubernetes;DevOps, Docker;1
Разработчик UI/UX дизайна в веб-агентстве;3;2-4;Бакалавр;Высшее;UI/UX дизайн, HTML, CSS, JavaScript;UI/UX дизайн, HTML;1
Бизнес-аналитик в сфере электронной коммерции;5;3-5;Высшее;Высшее;Бизнес-анализ, SQL, Python;Бизнес-анализ, SQL;1
Системный администратор в крупной телекоммуникационной компании;7;5-7;Высшее;Высшее;Linux, Windows, Bash;Linux, Bash;1
QA-инженер в компании разработки веб-приложений;4;3-5;Бакалавр;Бакалавр;Тестирование, Python, Selenium;Тестирование, Python;1
Специалист технической поддержки в сфере информационных технологий;3;2-4;Высшее;Высшее;Сетевые технологии, Windows, Linux;Сетевые технологии, Windows;1
Разработчик в области машинного обучения;6;5-7;Магистр;Магистр;Python, TensorFlow, scikit-learn;Python, TensorFlow;1
Администратор баз данных в крупной IT-компании;5;3-5;Высшее;Высшее;SQL, MySQL, PostgreSQL;SQL, MySQL;1
Разработчик мобильных приложений для iOS;3;2-4;Бакалавр;Бакалавр;Swift, Objective-C, iOS SDK;Swift, iOS SDK;1
Аналитик данных в медицинской сфере;4;3-5;Магистр;Магистр;Python, R, SQL;Python, R;1
Разработчик в области компьютерного зрения;5;3-5;Бакалавр;Магистр;Python, OpenCV, TensorFlow;Python, OpenCV;1
Аналитик данных в фармацевтической компании;3;2-4;Бакалавр;Магистр;SQL, Python, Data Analysis;SQL, Python;1
QA-инженер в геймдеве;2;1-3;Бакалавр;Бакалавр;Тестирование, Unity, C#;Тестирование, Unity;1
Junior UX/UI дизайнер с опытом работы в веб-дизайне;1;1-3;Высшее;Высшее;Photoshop, Illustrator, Sketch;Photoshop, Sketch;0
Специалист по администрированию баз данных;3;2-4;Высшее;Высшее;SQL, MySQL, PostgreSQL;SQL, MySQL;0
Младший специалист по тестированию программного обеспечения;1;1-3;Бакалавр;Высшее;Тестирование, Python, Java;Тестирование, Python;0
Стажер-программист в компании ABC;0;0-1;Студент;Бакалавр;Python, C++, HTML;Python, Java;0
Junior UX/UI дизайнер с опытом работы в веб-дизайне;1;1-3;Высшее;Высшее;Photoshop, Illustrator, Sketch;Photoshop, Sketch;0
Специалист по администрированию баз данных;3;2-4;Высшее;Высшее;SQL, MySQL, PostgreSQL;SQL, MySQL;0
Младший специалист по тестированию программного обеспечения;1;1-3;Бакалавр;Высшее;Тестирование, Python, Java;Тестирование, Python;0
Стажер-программист в компании ABC;0;0-1;Студент;Бакалавр;Python, C++, HTML;Python, Java;0
Тестировщик в компании по разработке мобильных приложений;1;0-2;Бакалавр;Бакалавр;Тестирование, Android, iOS;Тестирование, Android;0
Интернет-маркетолог в digital-агентстве;2;1-3;Бакалавр;Бакалавр;Digital Marketing, SEO, Google Analytics;Digital Marketing, SEO;0
Младший разработчик веб-приложений;1;0-2;Студент;Бакалавр;HTML, CSS, JavaScript, PHP;HTML, CSS, JavaScript;0
Младший аналитик данных в маркетинговом агентстве;1;0-2;Бакалавр;Бакалавр;Python, SQL, Data Analysis;Python, SQL;0
Ассистент по администрированию баз данных;1;0-2;Студент;Бакалавр;SQL, MySQL, PostgreSQL;SQL;0
Интерн в области машинного обучения;0;0-1;Студент;Бакалавр;Python, Machine Learning, Data Analysis;Python, Machine Learning;0
Тестировщик игрового софта;1;0-2;Студент;Бакалавр;Тестирование, Game Testing, Bug Tracking;Тестирование;0
Ассистент программиста в IT-стартапе;0;0-1;Студент;Бакалавр;Python, Java, HTML;Python, Java;0
Младший специалист по аналитике данных;1;0-2;Бакалавр;Бакалавр;SQL, Python, Data Analysis;SQL, Python;0
Тестировщик веб-приложений;1;0-2;Бакалавр;Бакалавр;Тестирование, Python, Selenium;Тестирование, Python;0
Помощник аналитика данных;0;0-1;Студент;Бакалавр;Python, R, SQL;Python, R;0
Младший разработчик мобильных приложений;1;0-2;Студент;Бакалавр;Java, Kotlin, Android;Java, Kotlin;0
Ассистент тестировщика программного обеспечения;0;0-1;Студент;Бакалавр;Тестирование, Python, Java;Тестирование, Python;0
Интернет-маркетолог в рекламном агентстве;0;0-1;Студент;Бакалавр;Digital Marketing, SEO, Google Analytics;Digital Marketing, SEO;0
Помощник разработчика веб-приложений;1;0-2;Студент;Бакалавр;HTML, CSS, JavaScript, PHP;HTML, CSS, JavaScript;0
Младший разработчик веб-приложений;0;0-1;Студент;Бакалавр;HTML, CSS, JavaScript, PHP;HTML, CSS, JavaScript;0
Стажер-тестировщик программного обеспечения;0;0-1;Студент;Бакалавр;Тестирование, Python, Java;Тестирование, Python;0
Помощник системного администратора;0;0-1;Студент;Бакалавр;Linux, Windows, Bash;Linux, Windows;0
Ассистент разработчика мобильных приложений;0;0-1;Студент;Бакалавр;Java, Kotlin, Android;Java, Kotlin;0
Интерн-разработчик веб-приложений;0;0-1;Студент;Бакалавр;HTML, CSS, JavaScript, PHP;HTML, CSS, JavaScript;0
Стажер-тестировщик веб-приложений;0;0-1;Студент;Бакалавр;Тестирование, Python, Selenium;Тестирование, Python;0
Помощник аналитика данных;0;0-1;Студент;Бакалавр;Python, R, SQL;Python, R;0
Младший аналитик в области машинного обучения;0;0-1;Студент;Бакалавр;Python, Machine Learning, Data Analysis;Python, Machine Learning;0
Стажер-разработчик мобильных приложений;0;0-1;Студент;Бакалавр;Java, Kotlin, Android;Java, Kotlin;0
Ассистент тестировщика веб-приложений;0;0-1;Студент;Бакалавр;Тестирование, Python, Selenium;Тестирование, Python;0
Помощник аналитика в области данных;0;0-1;Студент;Бакалавр;Python, R, SQL;Python, R;0
Младший аналитик в области искусственного интеллекта;0;0-1;Студент;Бакалавр;Python, Machine Learning, Deep Learning;Python, Machine Learning;0
Интернет-маркетолог в рекламном агентстве;0;0-1;Студент;Бакалавр;Digital Marketing, SEO, Google Analytics;Digital Marketing, SEO;0
Помощник разработчика веб-приложений;1;0-2;Студент;Бакалавр;HTML, CSS, JavaScript, PHP;HTML, CSS, JavaScript;0
Младший разработчик веб-приложений;0;0-1;Студент;Магистр;HTML, CSS, JavaScript, PHP;HTML, CSS, JavaScript;0
Стажер-тестировщик программного обеспечения;0;0-1;Студент;Магистр;Тестирование, Python, Java;Тестирование, Python;0
Помощник системного администратора;0;0-1;Студент;Магистр;Linux, Windows, Bash;Linux, Windows;0
Ассистент разработчика мобильных приложений;0;0-1;Студент;Магистр;Java, Kotlin, Android;Java, Kotlin;0
Интерн-разработчик веб-приложений;0;0-1;Студент;Магистр;HTML, CSS, JavaScript, PHP;HTML, CSS, JavaScript;0
Стажер-тестировщик веб-приложений;0;0-1;Студент;Студент;Тестирование, Python, Selenium;Тестирование, Python;0
Помощник аналитика данных;0;0-1;Студент;Студент;Python, R, SQL;Python, R;0
Младший аналитик в области машинного обучения;0;0-1;Студент;Студент;Python, Machine Learning, Data Analysis;Python, Machine Learning;0
Стажер-разработчик мобильных приложений;0;0-1;Студент;Бакалавр;Java, Kotlin, Android;Java, Kotlin;0
Ассистент тестировщика веб-приложений;0;0-1;Студент;Бакалавр;Тестирование, Python, Selenium;Тестирование, Python;0
Помощник аналитика в области данных;0;0-1;Студент;Доктор наук;Python, R, SQL;Python, R;0
Младший аналитик в области искусственного интеллекта;0;0-1;Студент;Доктор наук;Python, Machine Learning, Deep Learning;Python, Machine Learning;0
