Резюме;Опыт;Нужный опыт;Образование;Нужное образование;Навыки;Нужные навыки;Пригодность
Разработчик веб-приложений в стартапе;2;1-3;Бакалавр;Бакалавр по информатике;HTML, CSS, JavaScript, Node.js;HTML, CSS, JavaScript;1
Ассистент аналитика данных;0;0-1;Студент;Математика и статистика;Python, R, SQL;Python, R;0
QA-инженер в авиационной компании;3;2-4;Высшее;Инженерия программного обеспечения;Тестирование, Python, Selenium;Тестирование, Python;1
Менеджер проектов в IT-консалтинговой компании;5;3-5;Высшее;Менеджмент, MBA;Управление проектами, Agile, Scrum;Управление проектами, Agile;1
Интернет-маркетолог в digital-агентстве;1;0-2;Бакалавр;Маркетинг и реклама;Digital Marketing, SEO, Google Analytics;Digital Marketing, SEO;1
Стажер-тестировщик программного обеспечения;0;0-1;Студент;Бакалавр;Тестирование, Python, Java;Тестирование, Python;0
Системный администратор в крупной IT-компании;6;5-7;Высшее;Информационные технологии;Linux, Windows, Bash;Linux, Bash;1
Младший аналитик в области искусственного интеллекта;0;0-1;Студент;Бакалавр по компьютерным наукам;Python, Machine Learning, Deep Learning;Python, Machine Learning;0
Ассистент разработчика мобильных приложений;0;0-1;Студент;Бакалавр по разработке программного обеспечения;Java, Kotlin, Android;Java, Kotlin;0
Младший специалист по тестированию программного обеспечения;1;1-3;Бакалавр;Бакалавр по информатике;Тестирование, Python, Java;Тестирование, Python;1
Инженер по разработке автоматизированных систем управления;4;3-5;Высшее;Инженерия программного обеспечения;C++, Python, PLC Programming;C++, Python;1
Стажер-программист в компании ABC;0;0-1;Студент;Бакалавр по компьютерным наукам;Python, C++, HTML;Python, Java;0
Аналитик данных в биотехнологической компании;3;2-4;Магистр;Биоинформатика;Python, R, Data Analysis;Python, R;1
Тестировщик веб-приложений;2;1-3;Бакалавр;Информационные технологии;Тестирование, Python, Selenium;Тестирование, Python;1

